Model,Method,K (%),Image Idx,Label,Certified (%),Abstained (%),Certified-1 (%),Certified-0 (%),Radius
densenet121,GradCAM,50,0,5,85.75,14.25,42.71,43.04,0.1012
densenet121,GradCAM,50,1,3,100.00,0.00,100.00,0.00,0.1012
densenet121,GradCAM,50,3,2,90.15,9.85,44.89,45.26,0.1012
densenet121,GradCAM,50,6,5,86.15,13.85,43.03,43.12,0.1012
densenet121,GradCAM,50,15,5,88.29,11.71,43.99,44.30,0.1012
densenet121,GradCAM,25,0,5,84.13,15.87,17.25,66.88,0.1012
densenet121,GradCAM,25,1,3,100.00,0.00,100.00,0.00,0.1012
densenet121,GradCAM,25,3,2,93.35,6.65,21.71,71.64,0.1012
densenet121,GradCAM,25,6,5,92.96,7.04,21.59,71.37,0.1012
densenet121,GradCAM,25,15,5,88.33,11.67,19.31,69.02,0.1012
densenet121,GradCAM,5,0,5,88.91,11.09,0.26,88.65,0.1012
densenet121,GradCAM,5,1,3,100.00,0.00,100.00,0.00,0.1012
densenet121,GradCAM,5,3,2,96.71,3.29,3.39,93.32,0.1012
densenet121,GradCAM,5,6,5,98.49,1.51,4.26,94.23,0.1012
densenet121,GradCAM,5,15,5,91.65,8.35,0.75,90.89,0.1012
densenet121,IntegratedGradients,50,0,5,8.00,92.00,0.20,7.80,0.1012
densenet121,IntegratedGradients,50,1,3,4.70,95.30,0.05,4.65,0.1012
densenet121,IntegratedGradients,50,3,2,52.24,47.76,22.98,29.27,0.1012
densenet121,IntegratedGradients,50,6,5,27.82,72.18,25.56,2.26,0.1012
densenet121,IntegratedGradients,50,15,5,5.44,94.56,0.02,5.41,0.1012
densenet121,IntegratedGradients,25,0,5,22.24,77.76,0.02,22.21,0.1012
densenet121,IntegratedGradients,25,1,3,12.95,87.05,0.01,12.94,0.1012
densenet121,IntegratedGradients,25,3,2,50.87,49.13,0.24,50.64,0.1012
densenet121,IntegratedGradients,25,6,5,66.40,33.60,1.30,65.10,0.1012
densenet121,IntegratedGradients,25,15,5,18.55,81.45,0.00,18.54,0.1012
densenet121,IntegratedGradients,5,0,5,89.98,10.02,0.00,89.98,0.1012
densenet121,IntegratedGradients,5,1,3,91.23,8.77,0.00,91.23,0.1012
densenet121,IntegratedGradients,5,3,2,82.63,17.37,0.00,82.63,0.1012
densenet121,IntegratedGradients,5,6,5,80.81,19.19,0.00,80.81,0.1012
densenet121,IntegratedGradients,5,15,5,89.47,10.53,0.00,89.47,0.1012
densenet121,RISE,50,0,5,0.00,100.00,0.00,0.00,0.1012
densenet121,RISE,50,1,3,0.00,100.00,0.00,0.00,0.1012
densenet121,RISE,50,3,2,12.13,87.87,12.12,0.00,0.1012
densenet121,RISE,50,6,5,2.90,97.10,0.00,2.90,0.1012
densenet121,RISE,50,15,5,0.00,100.00,0.00,0.00,0.1012
densenet121,RISE,25,0,5,3.04,96.96,0.00,3.04,0.1012
densenet121,RISE,25,1,3,13.49,86.51,0.00,13.49,0.1012
densenet121,RISE,25,3,2,43.00,57.00,3.16,39.84,0.1012
densenet121,RISE,25,6,5,17.11,82.89,0.00,17.11,0.1012
densenet121,RISE,25,15,5,1.03,98.97,0.00,1.03,0.1012
densenet121,RISE,5,0,5,92.10,7.90,0.00,92.10,0.1012
densenet121,RISE,5,1,3,89.16,10.84,0.00,89.16,0.1012
densenet121,RISE,5,3,2,87.08,12.92,0.00,87.08,0.1012
densenet121,RISE,5,6,5,88.29,11.71,0.00,88.29,0.1012
densenet121,RISE,5,15,5,93.12,6.88,0.00,93.12,0.1012
densenet121,Occlusion,50,0,5,23.03,76.97,11.33,11.69,0.1012
densenet121,Occlusion,50,1,3,9.39,90.61,6.38,3.02,0.1012
densenet121,Occlusion,50,3,2,60.86,39.14,30.98,29.87,0.1012
densenet121,Occlusion,50,6,5,48.62,51.38,22.45,26.17,0.1012
densenet121,Occlusion,50,15,5,33.66,66.34,18.42,15.24,0.1012
densenet121,Occlusion,25,0,5,47.69,52.31,5.08,42.61,0.1012
densenet121,Occlusion,25,1,3,21.31,78.69,0.97,20.34,0.1012
densenet121,Occlusion,25,3,2,73.33,26.67,12.56,60.77,0.1012
densenet121,Occlusion,25,6,5,53.97,46.03,4.18,49.79,0.1012
densenet121,Occlusion,25,15,5,70.51,29.49,14.54,55.97,0.1012
densenet121,Occlusion,5,0,5,93.37,6.63,1.54,91.83,0.1012
densenet121,Occlusion,5,1,3,90.38,9.62,0.00,90.38,0.1012
densenet121,Occlusion,5,3,2,94.98,5.02,2.54,92.45,0.1012
densenet121,Occlusion,5,6,5,90.58,9.42,0.74,89.84,0.1012
densenet121,Occlusion,5,15,5,94.48,5.52,2.40,92.08,0.1012
densenet121,LRP,50,0,5,1.63,98.37,0.24,1.40,0.1012
densenet121,LRP,50,1,3,0.78,99.22,0.01,0.76,0.1012
densenet121,LRP,50,3,2,10.14,89.86,8.59,1.55,0.1012
densenet121,LRP,50,6,5,3.99,96.01,3.64,0.35,0.1012
densenet121,LRP,50,15,5,0.81,99.19,0.10,0.71,0.1012
densenet121,LRP,25,0,5,10.11,89.89,0.00,10.11,0.1012
densenet121,LRP,25,1,3,7.60,92.40,0.00,7.60,0.1012
densenet121,LRP,25,3,2,26.15,73.85,0.09,26.05,0.1012
densenet121,LRP,25,6,5,10.80,89.20,0.00,10.80,0.1012
densenet121,LRP,25,15,5,10.22,89.78,0.00,10.22,0.1012
densenet121,LRP,5,0,5,97.14,2.86,0.00,97.14,0.1012
densenet121,LRP,5,1,3,98.81,1.19,0.00,98.81,0.1012
densenet121,LRP,5,3,2,91.81,8.19,0.00,91.81,0.1012
densenet121,LRP,5,6,5,95.68,4.32,0.00,95.68,0.1012
densenet121,LRP,5,15,5,98.04,1.96,0.00,98.04,0.1012
efficientnet_b0,GradCAM,50,2,2,92.83,7.17,46.48,46.36,0.1012
efficientnet_b0,GradCAM,50,3,3,97.24,2.76,48.59,48.65,0.1012
efficientnet_b0,GradCAM,50,6,5,95.50,4.50,47.74,47.75,0.1012
efficientnet_b0,GradCAM,50,14,4,89.08,10.92,44.48,44.60,0.1012
efficientnet_b0,GradCAM,50,16,1,88.71,11.29,44.14,44.57,0.1012
efficientnet_b0,GradCAM,25,2,2,96.00,4.00,22.98,73.02,0.1012
efficientnet_b0,GradCAM,25,3,3,96.17,3.83,23.12,73.05,0.1012
efficientnet_b0,GradCAM,25,6,5,91.50,8.50,20.50,71.00,0.1012
efficientnet_b0,GradCAM,25,14,4,84.37,15.63,17.14,67.23,0.1012
efficientnet_b0,GradCAM,25,16,1,82.39,17.61,16.31,66.08,0.1012
efficientnet_b0,GradCAM,5,2,2,98.97,1.03,4.49,94.47,0.1012
efficientnet_b0,GradCAM,5,3,3,96.00,4.00,3.27,92.73,0.1012
efficientnet_b0,GradCAM,5,6,5,95.11,4.89,2.63,92.47,0.1012
efficientnet_b0,GradCAM,5,14,4,92.69,7.31,1.76,90.92,0.1012
efficientnet_b0,GradCAM,5,16,1,93.45,6.55,1.78,91.67,0.1012
efficientnet_b0,IntegratedGradients,50,2,2,2.62,97.38,0.80,1.83,0.1012
efficientnet_b0,IntegratedGradients,50,3,3,0.94,99.06,0.02,0.92,0.1012
efficientnet_b0,IntegratedGradients,50,6,5,1.21,98.79,0.58,0.64,0.1012
efficientnet_b0,IntegratedGradients,50,14,4,34.12,65.88,8.17,25.95,0.1012
efficientnet_b0,IntegratedGradients,50,16,1,31.40,68.60,6.12,25.28,0.1012
efficientnet_b0,IntegratedGradients,25,2,2,33.64,66.36,0.01,33.63,0.1012
efficientnet_b0,IntegratedGradients,25,3,3,19.95,80.05,0.00,19.95,0.1012
efficientnet_b0,IntegratedGradients,25,6,5,25.96,74.04,0.07,25.89,0.1012
efficientnet_b0,IntegratedGradients,25,14,4,42.54,57.46,0.00,42.53,0.1012
efficientnet_b0,IntegratedGradients,25,16,1,41.35,58.65,0.00,41.35,0.1012
efficientnet_b0,IntegratedGradients,5,2,2,85.04,14.96,0.00,85.04,0.1012
efficientnet_b0,IntegratedGradients,5,3,3,85.51,14.49,0.00,85.51,0.1012
efficientnet_b0,IntegratedGradients,5,6,5,87.32,12.68,0.00,87.32,0.1012
efficientnet_b0,IntegratedGradients,5,14,4,82.07,17.93,0.00,82.07,0.1012
efficientnet_b0,IntegratedGradients,5,16,1,83.21,16.79,0.00,83.21,0.1012
efficientnet_b0,RISE,50,2,2,0.00,100.00,0.00,0.00,0.1012
efficientnet_b0,RISE,50,3,3,0.00,100.00,0.00,0.00,0.1012
efficientnet_b0,RISE,50,6,5,0.00,100.00,0.00,0.00,0.1012
efficientnet_b0,RISE,50,14,4,0.00,100.00,0.00,0.00,0.1012
efficientnet_b0,RISE,50,16,1,0.00,100.00,0.00,0.00,0.1012
efficientnet_b0,RISE,25,2,2,3.05,96.95,0.00,3.05,0.1012
efficientnet_b0,RISE,25,3,3,0.57,99.43,0.00,0.57,0.1012
efficientnet_b0,RISE,25,6,5,2.68,97.32,0.00,2.68,0.1012
efficientnet_b0,RISE,25,14,4,0.67,99.33,0.00,0.67,0.1012
efficientnet_b0,RISE,25,16,1,1.59,98.41,0.00,1.59,0.1012
efficientnet_b0,RISE,5,2,2,94.14,5.86,0.00,94.14,0.1012
efficientnet_b0,RISE,5,3,3,94.05,5.95,0.00,94.05,0.1012
efficientnet_b0,RISE,5,6,5,93.28,6.72,0.00,93.28,0.1012
efficientnet_b0,RISE,5,14,4,93.23,6.77,0.00,93.23,0.1012
efficientnet_b0,RISE,5,16,1,94.71,5.29,0.00,94.71,0.1012
efficientnet_b0,Occlusion,50,2,2,47.36,52.64,23.90,23.46,0.1012
efficientnet_b0,Occlusion,50,3,3,39.20,60.80,18.90,20.31,0.1012
efficientnet_b0,Occlusion,50,6,5,63.64,36.36,31.42,32.22,0.1012
efficientnet_b0,Occlusion,50,14,4,65.61,34.39,34.63,30.97,0.1012
efficientnet_b0,Occlusion,50,16,1,38.48,61.52,21.57,16.91,0.1012
efficientnet_b0,Occlusion,25,2,2,50.31,49.69,2.71,47.59,0.1012
efficientnet_b0,Occlusion,25,3,3,56.32,43.68,4.06,52.26,0.1012
efficientnet_b0,Occlusion,25,6,5,81.45,18.55,16.34,65.10,0.1012
efficientnet_b0,Occlusion,25,14,4,88.33,11.67,18.94,69.38,0.1012
efficientnet_b0,Occlusion,25,16,1,70.65,29.35,12.48,58.17,0.1012
efficientnet_b0,Occlusion,5,2,2,86.70,13.30,0.01,86.69,0.1012
efficientnet_b0,Occlusion,5,3,3,89.68,10.32,0.23,89.45,0.1012
efficientnet_b0,Occlusion,5,6,5,91.84,8.16,0.92,90.92,0.1012
efficientnet_b0,Occlusion,5,14,4,90.63,9.37,1.27,89.36,0.1012
efficientnet_b0,Occlusion,5,16,1,93.63,6.37,2.01,91.62,0.1012
efficientnet_b0,LRP,50,2,2,4.40,95.60,2.49,1.91,0.1012
efficientnet_b0,LRP,50,3,3,7.45,92.55,5.49,1.96,0.1012
efficientnet_b0,LRP,50,6,5,7.22,92.78,5.19,2.03,0.1012
efficientnet_b0,LRP,50,14,4,1.82,98.18,1.46,0.36,0.1012
efficientnet_b0,LRP,50,16,1,3.85,96.15,3.52,0.33,0.1012
efficientnet_b0,LRP,25,2,2,42.77,57.23,0.28,42.49,0.1012
efficientnet_b0,LRP,25,3,3,49.07,50.93,0.55,48.52,0.1012
efficientnet_b0,LRP,25,6,5,46.38,53.62,0.62,45.76,0.1012
efficientnet_b0,LRP,25,14,4,30.54,69.46,0.00,30.54,0.1012
efficientnet_b0,LRP,25,16,1,29.82,70.18,0.00,29.82,0.1012
efficientnet_b0,LRP,5,2,2,83.74,16.26,0.00,83.74,0.1012
efficientnet_b0,LRP,5,3,3,82.72,17.28,0.08,82.65,0.1012
efficientnet_b0,LRP,5,6,5,84.62,15.38,0.19,84.44,0.1012
efficientnet_b0,LRP,5,14,4,84.64,15.36,0.00,84.64,0.1012
efficientnet_b0,LRP,5,16,1,84.10,15.90,0.00,84.10,0.1012
efficientnet_b1,GradCAM,50,0,2,96.26,3.74,48.11,48.15,0.1012
efficientnet_b1,GradCAM,50,2,1,89.66,10.34,44.50,45.16,0.1012
efficientnet_b1,GradCAM,50,5,5,97.14,2.86,48.60,48.54,0.1012
efficientnet_b1,GradCAM,50,8,3,93.44,6.56,46.44,46.99,0.1012
efficientnet_b1,GradCAM,50,11,1,85.81,14.19,42.70,43.11,0.1012
efficientnet_b1,GradCAM,25,0,2,96.64,3.36,23.31,73.34,0.1012
efficientnet_b1,GradCAM,25,2,1,93.17,6.83,21.69,71.48,0.1012
efficientnet_b1,GradCAM,25,5,5,95.10,4.90,22.58,72.52,0.1012
efficientnet_b1,GradCAM,25,8,3,92.98,7.02,21.47,71.51,0.1012
efficientnet_b1,GradCAM,25,11,1,90.76,9.24,20.44,70.32,0.1012
efficientnet_b1,GradCAM,5,0,2,98.79,1.21,4.42,94.38,0.1012
efficientnet_b1,GradCAM,5,2,1,96.94,3.06,3.46,93.48,0.1012
efficientnet_b1,GradCAM,5,5,5,97.62,2.38,3.84,93.78,0.1012
efficientnet_b1,GradCAM,5,8,3,95.80,4.20,2.95,92.85,0.1012
efficientnet_b1,GradCAM,5,11,1,95.98,4.02,3.14,92.85,0.1012
efficientnet_b1,IntegratedGradients,50,0,2,6.56,93.44,1.56,5.01,0.1012
efficientnet_b1,IntegratedGradients,50,2,1,12.74,87.26,0.80,11.94,0.1012
efficientnet_b1,IntegratedGradients,50,5,5,0.55,99.45,0.03,0.53,0.1012
efficientnet_b1,IntegratedGradients,50,8,3,1.90,98.10,0.00,1.90,0.1012
efficientnet_b1,IntegratedGradients,50,11,1,1.28,98.72,0.04,1.24,0.1012
efficientnet_b1,IntegratedGradients,25,0,2,28.26,71.74,0.12,28.14,0.1012
efficientnet_b1,IntegratedGradients,25,2,1,31.85,68.15,0.00,31.85,0.1012
efficientnet_b1,IntegratedGradients,25,5,5,8.61,91.39,0.00,8.61,0.1012
efficientnet_b1,IntegratedGradients,25,8,3,10.71,89.29,0.00,10.71,0.1012
efficientnet_b1,IntegratedGradients,25,11,1,23.88,76.12,0.00,23.88,0.1012
efficientnet_b1,IntegratedGradients,5,0,2,88.32,11.68,0.00,88.32,0.1012
efficientnet_b1,IntegratedGradients,5,2,1,85.16,14.84,0.00,85.16,0.1012
efficientnet_b1,IntegratedGradients,5,5,5,90.30,9.70,0.00,90.30,0.1012
efficientnet_b1,IntegratedGradients,5,8,3,90.94,9.06,0.00,90.94,0.1012
efficientnet_b1,IntegratedGradients,5,11,1,85.14,14.86,0.00,85.14,0.1012
efficientnet_b1,RISE,50,0,2,1.86,98.14,1.86,0.00,0.1012
efficientnet_b1,RISE,50,2,1,0.00,100.00,0.00,0.00,0.1012
efficientnet_b1,RISE,50,5,5,1.21,98.79,0.75,0.46,0.1012
efficientnet_b1,RISE,50,8,3,0.00,100.00,0.00,0.00,0.1012
efficientnet_b1,RISE,50,11,1,0.00,100.00,0.00,0.00,0.1012
efficientnet_b1,RISE,25,0,2,12.44,87.56,0.03,12.41,0.1012
efficientnet_b1,RISE,25,2,1,6.26,93.74,0.00,6.26,0.1012
efficientnet_b1,RISE,25,5,5,14.00,86.00,0.00,14.00,0.1012
efficientnet_b1,RISE,25,8,3,5.35,94.65,0.00,5.35,0.1012
efficientnet_b1,RISE,25,11,1,4.02,95.98,0.00,4.02,0.1012
efficientnet_b1,RISE,5,0,2,90.35,9.65,0.00,90.35,0.1012
efficientnet_b1,RISE,5,2,1,92.30,7.70,0.00,92.30,0.1012
efficientnet_b1,RISE,5,5,5,89.83,10.17,0.00,89.83,0.1012
efficientnet_b1,RISE,5,8,3,90.19,9.81,0.00,90.19,0.1012
efficientnet_b1,RISE,5,11,1,91.80,8.20,0.00,91.80,0.1012
efficientnet_b1,Occlusion,50,0,2,46.35,53.65,23.09,23.26,0.1012
efficientnet_b1,Occlusion,50,2,1,57.31,42.69,27.54,29.77,0.1012
efficientnet_b1,Occlusion,50,5,5,39.87,60.13,18.25,21.62,0.1012
efficientnet_b1,Occlusion,50,8,3,34.67,65.33,17.56,17.11,0.1012
efficientnet_b1,Occlusion,50,11,1,52.96,47.04,27.65,25.31,0.1012
efficientnet_b1,Occlusion,25,0,2,59.52,40.48,7.21,52.31,0.1012
efficientnet_b1,Occlusion,25,2,1,59.04,40.96,5.87,53.17,0.1012
efficientnet_b1,Occlusion,25,5,5,48.95,51.05,2.58,46.36,0.1012
efficientnet_b1,Occlusion,25,8,3,51.45,48.55,6.19,45.26,0.1012
efficientnet_b1,Occlusion,25,11,1,59.66,40.34,6.67,52.98,0.1012
efficientnet_b1,Occlusion,5,0,2,87.79,12.21,0.06,87.73,0.1012
efficientnet_b1,Occlusion,5,2,1,87.22,12.78,0.02,87.20,0.1012
efficientnet_b1,Occlusion,5,5,5,86.15,13.85,0.22,85.93,0.1012
efficientnet_b1,Occlusion,5,8,3,88.53,11.47,0.37,88.17,0.1012
efficientnet_b1,Occlusion,5,11,1,87.98,12.02,0.20,87.78,0.1012
efficientnet_b1,LRP,50,0,2,39.16,60.84,21.05,18.11,0.1012
efficientnet_b1,LRP,50,2,1,34.85,65.15,20.38,14.47,0.1012
efficientnet_b1,LRP,50,5,5,30.90,69.10,18.94,11.97,0.1012
efficientnet_b1,LRP,50,8,3,44.56,55.44,23.72,20.84,0.1012
efficientnet_b1,LRP,50,11,1,49.03,50.97,25.20,23.83,0.1012
efficientnet_b1,LRP,25,0,2,53.37,46.63,1.54,51.84,0.1012
efficientnet_b1,LRP,25,2,1,47.21,52.79,0.12,47.09,0.1012
efficientnet_b1,LRP,25,5,5,50.39,49.61,0.56,49.83,0.1012
efficientnet_b1,LRP,25,8,3,51.37,48.63,0.78,50.58,0.1012
efficientnet_b1,LRP,25,11,1,54.36,45.64,1.61,52.74,0.1012
efficientnet_b1,LRP,5,0,2,80.45,19.55,0.00,80.44,0.1012
efficientnet_b1,LRP,5,2,1,82.20,17.80,0.00,82.20,0.1012
efficientnet_b1,LRP,5,5,5,79.41,20.59,0.01,79.39,0.1012
efficientnet_b1,LRP,5,8,3,76.82,23.18,0.00,76.82,0.1012
efficientnet_b1,LRP,5,11,1,77.09,22.91,0.00,77.09,0.1012
mobilenet_v2,GradCAM,50,6,5,80.07,19.93,39.75,40.32,0.1012
mobilenet_v2,GradCAM,50,8,1,83.59,16.41,42.26,41.32,0.1012
mobilenet_v2,GradCAM,50,9,2,85.60,14.40,42.67,42.93,0.1012
mobilenet_v2,GradCAM,50,16,2,81.67,18.33,40.85,40.82,0.1012
mobilenet_v2,GradCAM,50,22,0,100.00,0.00,100.00,0.00,0.1012
mobilenet_v2,GradCAM,25,6,5,77.10,22.90,12.62,64.47,0.1012
mobilenet_v2,GradCAM,25,8,1,90.44,9.56,20.17,70.26,0.1012
mobilenet_v2,GradCAM,25,9,2,78.76,21.24,14.90,63.86,0.1012
mobilenet_v2,GradCAM,25,16,2,86.02,13.98,18.17,67.84,0.1012
mobilenet_v2,GradCAM,25,22,0,23.73,76.27,23.73,0.00,0.1012
mobilenet_v2,GradCAM,5,6,5,89.31,10.69,0.07,89.24,0.1012
mobilenet_v2,GradCAM,5,8,1,96.89,3.11,3.53,93.37,0.1012
mobilenet_v2,GradCAM,5,9,2,89.65,10.35,0.07,89.58,0.1012
mobilenet_v2,GradCAM,5,16,2,90.22,9.78,0.42,89.80,0.1012
mobilenet_v2,GradCAM,5,22,0,0.00,100.00,0.00,0.00,0.1012
mobilenet_v2,IntegratedGradients,50,6,5,0.52,99.48,0.01,0.52,0.1012
mobilenet_v2,IntegratedGradients,50,8,1,33.16,66.84,29.72,3.44,0.1012
mobilenet_v2,IntegratedGradients,50,9,2,1.12,98.88,0.36,0.76,0.1012
mobilenet_v2,IntegratedGradients,50,16,2,3.70,96.30,0.66,3.04,0.1012
mobilenet_v2,IntegratedGradients,50,22,0,33.98,66.02,29.07,4.90,0.1012
mobilenet_v2,IntegratedGradients,25,6,5,23.51,76.49,0.00,23.51,0.1012
mobilenet_v2,IntegratedGradients,25,8,1,68.52,31.48,2.77,65.75,0.1012
mobilenet_v2,IntegratedGradients,25,9,2,24.01,75.99,0.00,24.01,0.1012
mobilenet_v2,IntegratedGradients,25,16,2,33.79,66.21,0.00,33.79,0.1012
mobilenet_v2,IntegratedGradients,25,22,0,62.22,37.78,0.03,62.20,0.1012
mobilenet_v2,IntegratedGradients,5,6,5,85.97,14.03,0.00,85.97,0.1012
mobilenet_v2,IntegratedGradients,5,8,1,84.38,15.62,0.00,84.38,0.1012
mobilenet_v2,IntegratedGradients,5,9,2,85.68,14.32,0.00,85.68,0.1012
mobilenet_v2,IntegratedGradients,5,16,2,84.49,15.51,0.00,84.49,0.1012
mobilenet_v2,IntegratedGradients,5,22,0,82.00,18.00,0.00,82.00,0.1012
mobilenet_v2,RISE,50,6,5,0.00,100.00,0.00,0.00,0.1012
mobilenet_v2,RISE,50,8,1,0.00,100.00,0.00,0.00,0.1012
mobilenet_v2,RISE,50,9,2,8.76,91.24,8.33,0.42,0.1012
mobilenet_v2,RISE,50,16,2,6.80,93.20,6.58,0.23,0.1012
mobilenet_v2,RISE,50,22,0,0.00,100.00,0.00,0.00,0.1012
mobilenet_v2,RISE,25,6,5,0.60,99.40,0.00,0.60,0.1012
mobilenet_v2,RISE,25,8,1,1.58,98.42,0.00,1.58,0.1012
mobilenet_v2,RISE,25,9,2,29.62,70.38,0.81,28.81,0.1012
mobilenet_v2,RISE,25,16,2,27.14,72.86,0.34,26.80,0.1012
mobilenet_v2,RISE,25,22,0,0.65,99.35,0.00,0.65,0.1012
mobilenet_v2,RISE,5,6,5,93.78,6.22,0.00,93.78,0.1012
mobilenet_v2,RISE,5,8,1,93.87,6.13,0.00,93.87,0.1012
mobilenet_v2,RISE,5,9,2,86.73,13.27,0.00,86.73,0.1012
mobilenet_v2,RISE,5,16,2,88.04,11.96,0.00,88.04,0.1012
mobilenet_v2,RISE,5,22,0,94.19,5.81,0.00,94.19,0.1012
mobilenet_v2,Occlusion,50,6,5,38.81,61.19,19.06,19.75,0.1012
mobilenet_v2,Occlusion,50,8,1,34.62,65.38,14.95,19.67,0.1012
mobilenet_v2,Occlusion,50,9,2,20.58,79.42,8.09,12.49,0.1012
mobilenet_v2,Occlusion,50,16,2,25.73,74.27,9.12,16.61,0.1012
mobilenet_v2,Occlusion,50,22,0,56.76,43.24,32.04,24.72,0.1012
mobilenet_v2,Occlusion,25,6,5,51.81,48.19,2.30,49.51,0.1012
mobilenet_v2,Occlusion,25,8,1,43.78,56.22,2.81,40.97,0.1012
mobilenet_v2,Occlusion,25,9,2,34.80,65.20,1.09,33.70,0.1012
mobilenet_v2,Occlusion,25,16,2,36.85,63.15,0.51,36.34,0.1012
mobilenet_v2,Occlusion,25,22,0,89.08,10.92,18.79,70.29,0.1012
mobilenet_v2,Occlusion,5,6,5,85.08,14.92,0.00,85.08,0.1012
mobilenet_v2,Occlusion,5,8,1,90.77,9.23,0.66,90.11,0.1012
mobilenet_v2,Occlusion,5,9,2,88.18,11.82,0.20,87.98,0.1012
mobilenet_v2,Occlusion,5,16,2,87.40,12.60,0.01,87.39,0.1012
mobilenet_v2,Occlusion,5,22,0,87.84,12.16,0.29,87.55,0.1012
mobilenet_v2,LRP,50,6,5,37.15,62.85,20.29,16.86,0.1012
mobilenet_v2,LRP,50,8,1,13.95,86.05,9.13,4.83,0.1012
mobilenet_v2,LRP,50,9,2,43.31,56.69,24.16,19.15,0.1012
mobilenet_v2,LRP,50,16,2,30.37,69.63,15.21,15.16,0.1012
mobilenet_v2,LRP,50,22,0,14.35,85.65,8.36,5.99,0.1012
mobilenet_v2,LRP,25,6,5,56.92,43.08,6.10,50.82,0.1012
mobilenet_v2,LRP,25,8,1,35.86,64.14,1.88,33.98,0.1012
mobilenet_v2,LRP,25,9,2,61.49,38.51,6.32,55.16,0.1012
mobilenet_v2,LRP,25,16,2,49.52,50.48,3.83,45.69,0.1012
mobilenet_v2,LRP,25,22,0,33.58,66.42,0.63,32.95,0.1012
mobilenet_v2,LRP,5,6,5,91.58,8.42,1.69,89.88,0.1012
mobilenet_v2,LRP,5,8,1,87.34,12.66,0.05,87.28,0.1012
mobilenet_v2,LRP,5,9,2,87.51,12.49,0.19,87.33,0.1012
mobilenet_v2,LRP,5,16,2,88.22,11.78,0.66,87.56,0.1012
mobilenet_v2,LRP,5,22,0,85.15,14.85,0.00,85.15,0.1012
resnet18,GradCAM,50,0,5,78.16,21.84,39.24,38.92,0.1012
resnet18,GradCAM,50,3,4,29.11,70.89,29.11,0.00,0.1012
resnet18,GradCAM,50,4,6,100.00,0.00,100.00,0.00,0.1012
resnet18,GradCAM,50,5,2,88.92,11.08,44.40,44.52,0.1012
resnet18,GradCAM,50,7,5,80.25,19.75,40.05,40.20,0.1012
resnet18,GradCAM,25,0,5,90.58,9.42,20.56,70.02,0.1012
resnet18,GradCAM,25,3,4,55.71,44.29,7.58,48.14,0.1012
resnet18,GradCAM,25,4,6,100.00,0.00,100.00,0.00,0.1012
resnet18,GradCAM,25,5,2,93.15,6.85,21.62,71.53,0.1012
resnet18,GradCAM,25,7,5,84.17,15.83,17.48,66.69,0.1012
resnet18,GradCAM,5,0,5,97.32,2.68,3.69,93.64,0.1012
resnet18,GradCAM,5,3,4,86.98,13.02,0.00,86.98,0.1012
resnet18,GradCAM,5,4,6,100.00,0.00,100.00,0.00,0.1012
resnet18,GradCAM,5,5,2,97.03,2.97,3.55,93.48,0.1012
resnet18,GradCAM,5,7,5,93.69,6.31,2.06,91.63,0.1012
resnet18,IntegratedGradients,50,0,5,8.09,91.91,0.57,7.52,0.1012
resnet18,IntegratedGradients,50,3,4,12.52,87.48,1.04,11.49,0.1012
resnet18,IntegratedGradients,50,4,6,13.84,86.16,4.53,9.31,0.1012
resnet18,IntegratedGradients,50,5,2,8.77,91.23,1.82,6.95,0.1012
resnet18,IntegratedGradients,50,7,5,3.12,96.88,0.18,2.95,0.1012
resnet18,IntegratedGradients,25,0,5,27.37,72.63,0.02,27.35,0.1012
resnet18,IntegratedGradients,25,3,4,39.12,60.88,0.00,39.12,0.1012
resnet18,IntegratedGradients,25,4,6,36.25,63.75,0.17,36.08,0.1012
resnet18,IntegratedGradients,25,5,2,32.59,67.41,0.05,32.55,0.1012
resnet18,IntegratedGradients,25,7,5,13.28,86.72,0.01,13.27,0.1012
resnet18,IntegratedGradients,5,0,5,85.54,14.46,0.00,85.54,0.1012
resnet18,IntegratedGradients,5,3,4,82.86,17.14,0.00,82.86,0.1012
resnet18,IntegratedGradients,5,4,6,86.41,13.59,0.00,86.41,0.1012
resnet18,IntegratedGradients,5,5,2,85.27,14.73,0.01,85.26,0.1012
resnet18,IntegratedGradients,5,7,5,89.88,10.12,0.00,89.88,0.1012
resnet18,RISE,50,0,5,0.00,100.00,0.00,0.00,0.1012
resnet18,RISE,50,3,4,1.26,98.74,1.06,0.20,0.1012
resnet18,RISE,50,4,6,0.00,100.00,0.00,0.00,0.1012
resnet18,RISE,50,5,2,0.00,100.00,0.00,0.00,0.1012
resnet18,RISE,50,7,5,0.00,100.00,0.00,0.00,0.1012
resnet18,RISE,25,0,5,1.33,98.67,0.00,1.33,0.1012
resnet18,RISE,25,3,4,24.87,75.13,0.00,24.87,0.1012
resnet18,RISE,25,4,6,5.54,94.46,0.00,5.54,0.1012
resnet18,RISE,25,5,2,5.56,94.44,0.00,5.56,0.1012
resnet18,RISE,25,7,5,0.62,99.38,0.00,0.62,0.1012
resnet18,RISE,5,0,5,93.32,6.68,0.00,93.32,0.1012
resnet18,RISE,5,3,4,86.84,13.16,0.00,86.84,0.1012
resnet18,RISE,5,4,6,91.56,8.44,0.00,91.56,0.1012
resnet18,RISE,5,5,2,92.17,7.83,0.00,92.17,0.1012
resnet18,RISE,5,7,5,93.35,6.65,0.00,93.35,0.1012
resnet18,Occlusion,50,0,5,59.97,40.03,30.45,29.52,0.1012
resnet18,Occlusion,50,3,4,45.78,54.22,21.35,24.42,0.1012
resnet18,Occlusion,50,4,6,24.52,75.48,10.88,13.64,0.1012
resnet18,Occlusion,50,5,2,27.08,72.92,13.34,13.75,0.1012
resnet18,Occlusion,50,7,5,29.04,70.96,17.56,11.48,0.1012
resnet18,Occlusion,25,0,5,74.86,25.14,13.36,61.50,0.1012
resnet18,Occlusion,25,3,4,62.87,37.13,7.93,54.94,0.1012
resnet18,Occlusion,25,4,6,48.12,51.88,2.67,45.45,0.1012
resnet18,Occlusion,25,5,2,45.34,54.66,2.45,42.89,0.1012
resnet18,Occlusion,25,7,5,43.10,56.90,3.70,39.40,0.1012
resnet18,Occlusion,5,0,5,95.55,4.45,2.75,92.81,0.1012
resnet18,Occlusion,5,3,4,90.04,9.96,0.54,89.50,0.1012
resnet18,Occlusion,5,4,6,88.15,11.85,0.10,88.05,0.1012
resnet18,Occlusion,5,5,2,87.52,12.48,0.22,87.30,0.1012
resnet18,Occlusion,5,7,5,90.23,9.77,0.34,89.89,0.1012
resnet18,LRP,50,0,5,47.09,52.91,23.01,24.09,0.1012
resnet18,LRP,50,3,4,36.01,63.99,16.09,19.92,0.1012
resnet18,LRP,50,4,6,42.16,57.84,18.89,23.28,0.1012
resnet18,LRP,50,5,2,36.36,63.64,18.54,17.82,0.1012
resnet18,LRP,50,7,5,27.06,72.94,11.95,15.11,0.1012
resnet18,LRP,25,0,5,58.93,41.07,4.68,54.26,0.1012
resnet18,LRP,25,3,4,47.08,52.92,1.84,45.24,0.1012
resnet18,LRP,25,4,6,49.14,50.86,2.90,46.24,0.1012
resnet18,LRP,25,5,2,54.37,45.63,4.28,50.09,0.1012
resnet18,LRP,25,7,5,40.00,60.00,1.44,38.56,0.1012
resnet18,LRP,5,0,5,85.03,14.97,0.13,84.90,0.1012
resnet18,LRP,5,3,4,85.67,14.33,0.04,85.63,0.1012
resnet18,LRP,5,4,6,87.63,12.37,0.05,87.58,0.1012
resnet18,LRP,5,5,2,87.07,12.93,0.11,86.95,0.1012
resnet18,LRP,5,7,5,86.81,13.19,0.01,86.80,0.1012
resnet50,GradCAM,50,1,5,92.13,7.87,45.96,46.17,0.1012
resnet50,GradCAM,50,9,5,83.20,16.80,41.58,41.61,0.1012
resnet50,GradCAM,50,15,0,100.00,0.00,100.00,0.00,0.1012
resnet50,GradCAM,50,27,5,84.87,15.13,42.10,42.77,0.1012
resnet50,GradCAM,50,29,7,100.00,0.00,100.00,0.00,0.1012
resnet50,GradCAM,25,1,5,89.67,10.33,19.78,69.88,0.1012
resnet50,GradCAM,25,9,5,80.42,19.58,15.57,64.86,0.1012
resnet50,GradCAM,25,15,0,14.88,85.12,14.88,0.00,0.1012
resnet50,GradCAM,25,27,5,77.98,22.02,13.73,64.26,0.1012
resnet50,GradCAM,25,29,7,77.71,22.29,13.38,64.33,0.1012
resnet50,GradCAM,5,1,5,94.93,5.07,2.62,92.31,0.1012
resnet50,GradCAM,5,9,5,88.71,11.29,0.00,88.70,0.1012
resnet50,GradCAM,5,15,0,89.81,10.19,0.14,89.67,0.1012
resnet50,GradCAM,5,27,5,85.50,14.50,0.00,85.50,0.1012
resnet50,GradCAM,5,29,7,88.89,11.11,0.00,88.89,0.1012
resnet50,IntegratedGradients,50,1,5,9.41,90.59,0.36,9.05,0.1012
resnet50,IntegratedGradients,50,9,5,11.88,88.12,0.50,11.37,0.1012
resnet50,IntegratedGradients,50,15,0,47.59,52.41,17.61,29.99,0.1012
resnet50,IntegratedGradients,50,27,5,11.33,88.67,0.41,10.92,0.1012
resnet50,IntegratedGradients,50,29,7,11.94,88.06,1.95,9.98,0.1012
resnet50,IntegratedGradients,25,1,5,29.59,70.41,0.00,29.59,0.1012
resnet50,IntegratedGradients,25,9,5,31.17,68.83,0.00,31.17,0.1012
resnet50,IntegratedGradients,25,15,0,47.97,52.03,0.07,47.91,0.1012
resnet50,IntegratedGradients,25,27,5,30.80,69.20,0.00,30.79,0.1012
resnet50,IntegratedGradients,25,29,7,30.85,69.15,0.08,30.77,0.1012
resnet50,IntegratedGradients,5,1,5,85.30,14.70,0.00,85.30,0.1012
resnet50,IntegratedGradients,5,9,5,85.78,14.22,0.00,85.78,0.1012
resnet50,IntegratedGradients,5,15,0,84.88,15.12,0.00,84.88,0.1012
resnet50,IntegratedGradients,5,27,5,85.31,14.69,0.00,85.31,0.1012
resnet50,IntegratedGradients,5,29,7,86.65,13.35,0.00,86.65,0.1012
resnet50,RISE,50,1,5,0.00,100.00,0.00,0.00,0.1012
resnet50,RISE,50,9,5,0.00,100.00,0.00,0.00,0.1012
resnet50,RISE,50,15,0,0.00,100.00,0.00,0.00,0.1012
resnet50,RISE,50,27,5,0.00,100.00,0.00,0.00,0.1012
resnet50,RISE,50,29,7,0.00,100.00,0.00,0.00,0.1012
resnet50,RISE,25,1,5,2.08,97.92,0.00,2.08,0.1012
resnet50,RISE,25,9,5,1.67,98.33,0.00,1.67,0.1012
resnet50,RISE,25,15,0,8.96,91.04,0.00,8.96,0.1012
resnet50,RISE,25,27,5,4.94,95.06,0.00,4.94,0.1012
resnet50,RISE,25,29,7,2.01,97.99,0.00,2.01,0.1012
resnet50,RISE,5,1,5,93.02,6.98,0.00,93.02,0.1012
resnet50,RISE,5,9,5,92.49,7.51,0.00,92.49,0.1012
resnet50,RISE,5,15,0,91.68,8.32,0.00,91.68,0.1012
resnet50,RISE,5,27,5,91.65,8.35,0.00,91.65,0.1012
resnet50,RISE,5,29,7,92.63,7.37,0.00,92.63,0.1012
resnet50,Occlusion,50,1,5,56.60,43.40,28.83,27.77,0.1012
resnet50,Occlusion,50,9,5,46.14,53.86,23.60,22.53,0.1012
resnet50,Occlusion,50,15,0,61.55,38.45,30.29,31.25,0.1012
resnet50,Occlusion,50,27,5,45.81,54.19,22.78,23.03,0.1012
resnet50,Occlusion,50,29,7,36.67,63.33,19.18,17.49,0.1012
resnet50,Occlusion,25,1,5,77.21,22.79,14.65,62.56,0.1012
resnet50,Occlusion,25,9,5,61.81,38.19,7.31,54.50,0.1012
resnet50,Occlusion,25,15,0,69.53,30.47,10.97,58.56,0.1012
resnet50,Occlusion,25,27,5,65.26,34.74,9.59,55.67,0.1012
resnet50,Occlusion,25,29,7,60.14,39.86,7.92,52.22,0.1012
resnet50,Occlusion,5,1,5,93.81,6.19,2.22,91.59,0.1012
resnet50,Occlusion,5,9,5,91.35,8.65,1.07,90.28,0.1012
resnet50,Occlusion,5,15,0,91.81,8.19,1.28,90.53,0.1012
resnet50,Occlusion,5,27,5,94.17,5.83,2.41,91.77,0.1012
resnet50,Occlusion,5,29,7,95.68,4.32,2.87,92.81,0.1012
resnet50,LRP,50,1,5,55.89,44.11,25.85,30.04,0.1012
resnet50,LRP,50,9,5,44.38,55.62,19.34,25.04,0.1012
resnet50,LRP,50,15,0,23.66,76.34,10.24,13.42,0.1012
resnet50,LRP,50,27,5,29.11,70.89,10.95,18.16,0.1012
resnet50,LRP,50,29,7,32.49,67.51,13.41,19.08,0.1012
resnet50,LRP,25,1,5,53.81,46.19,2.20,51.61,0.1012
resnet50,LRP,25,9,5,48.71,51.29,1.63,47.08,0.1012
resnet50,LRP,25,15,0,29.48,70.52,0.31,29.18,0.1012
resnet50,LRP,25,27,5,40.33,59.67,0.54,39.79,0.1012
resnet50,LRP,25,29,7,43.92,56.08,0.90,43.02,0.1012
resnet50,LRP,5,1,5,84.34,15.66,0.00,84.34,0.1012
resnet50,LRP,5,9,5,84.54,15.46,0.02,84.53,0.1012
resnet50,LRP,5,15,0,87.76,12.24,0.00,87.76,0.1012
resnet50,LRP,5,27,5,85.11,14.89,0.00,85.11,0.1012
resnet50,LRP,5,29,7,84.71,15.29,0.00,84.71,0.1012
